song title,artist/band name,year,lyrics url
Shaking The Blues Away,Doris Day,1955,https://www.azlyrics.com/lyrics/dorisday/shakingthebluesaway.html
Mood Indigo,"Sinatra, Frank",1955,https://www.azlyrics.com/lyrics/franksinatra/moodindigo.html
All Alone,Julie London,1956,https://www.azlyrics.com/lyrics/julielondon/allalone.html
Dolly Dawn,Harry Belafonte,1956,https://www.azlyrics.com/lyrics/harrybelafonte/dollydawn.html
You're My Thrill,"Lee, Peggy",1956,https://www.azlyrics.com/lyrics/peggylee/youremythrill.html
Love For Sale,Tony Bennett,1957,https://www.azlyrics.com/lyrics/tonybennett/loveforsale.html
Pardons,Jacques Brel,1957,https://www.azlyrics.com/lyrics/jacquesbrel/pardons.html
Wait Till You See Her(CD Reissue Bonus Track),"Sinatra, Frank",1957,https://www.azlyrics.com/lyrics/franksinatra/waittillyouseeher.html
Daddy's Little Girl,Eddy Arnold,1957,https://www.azlyrics.com/lyrics/eddyarnold/daddyslittlegirl.html
When You Come To The End Of The Day,Perry Como,1958,https://www.azlyrics.com/lyrics/perrycomo/whenyoucometotheendoftheday.html
You Brought A New Kind Of Love To Me,Ella Fitzgerald,1958,https://www.azlyrics.com/lyrics/ellafitzgerald/youbroughtanewkindoflovetome.html
It's Easy To Remember,"Holiday, Billie",1958,https://www.azlyrics.com/lyrics/billieholiday/itseasytoremember.html
A Cottage For Sale,"Bennett, Tony",1958,https://www.azlyrics.com/lyrics/tonybennett/acottageforsale.html
Fascinatin' Rhythm,Tony Bennett,1959,https://www.azlyrics.com/lyrics/tonybennett/fascinatinrhythm.html
Wear My Ring Around Your Neck,"Presley, Elvis",1959,https://www.azlyrics.com/lyrics/elvispresley/wearmyringaroundyourneck.html
Did You Miss Me,"Jackson, Wanda",1960,https://www.azlyrics.com/lyrics/wandajackson/didyoumissme.html
Laisse Les Filles,"Hallyday, Johnny",1960,https://www.azlyrics.com/lyrics/johnnyhallyday/laisselesfilles.html
Reaching(Reissue Bonus Track),"Jackson, Wanda",1960,https://www.azlyrics.com/lyrics/wandajackson/reaching.html
Make Me Know It,Elvis Presley,1960,https://www.azlyrics.com/lyrics/elvispresley/makemeknowit.html
With You,"Cooke, Sam",1960,https://www.azlyrics.com/lyrics/samcooke/withyou.html
Again,Ricky Nelson,1960,https://www.azlyrics.com/lyrics/rickynelson/again.html
Ev'ry Time We Say Goodbye,"Vaughan, Sarah",1961,https://www.azlyrics.com/lyrics/sarahvaughan/evrytimewesaygoodbye.html
Evenin',Julie London,1961,https://www.azlyrics.com/lyrics/julielondon/evenin.html
Medley: One Kiss / My Romance / The Vagabond King Waltz,Peggy Lee,1961,https://www.azlyrics.com/lyrics/peggylee/medleyonekissmyromancethevagabondkingwaltz.html
High Noon,"Francis, Connie",1961,https://www.azlyrics.com/lyrics/conniefrancis/highnoon.html
Don't Blame Me,"Everly Brothers, The",1961,https://www.azlyrics.com/lyrics/everlybrothers/dontblameme.html
Sweet Dreams,"Jones, George",1962,https://www.azlyrics.com/lyrics/georgejones/sweetdreams.html
There's No Fool Like A Young Fool,"Price, Ray",1962,https://www.azlyrics.com/lyrics/rayprice/theresnofoollikeayoungfool.html
Dark As A Dungeon,Harry Belafonte,1962,https://www.azlyrics.com/lyrics/harrybelafonte/darkasadungeon.html
Love For Sale,Tony Bennett,1962,https://www.azlyrics.com/lyrics/tonybennett/loveforsale.html
Don't Ask Me Why,"Jackson, Wanda",1962,https://www.azlyrics.com/lyrics/wandajackson/dontaskmewhy.html
Holiday For Love,Mel Tillis,1962,https://www.azlyrics.com/lyrics/meltillis/holidayforlove.html
"Tonite, Tonite","Four Seasons, The",1963,https://www.azlyrics.com/lyrics/fourseasons/tonitetonite.html
Lucky Me,"Chiffons, The",1963,https://www.azlyrics.com/lyrics/chiffons/luckyme.html
True Love Ways,Bobby Vee,1963,https://www.azlyrics.com/lyrics/bobbyvee/trueloveways.html
Young And Foolish,Tony Bennett,1963,https://www.azlyrics.com/lyrics/tonybennett/youngandfoolish.html
Don't Think Twice It's All Right,Bob Dylan,1963,https://www.azlyrics.com/lyrics/bobdylan/dontthinktwiceitsallright.html
I Belong To You,"Lee, Peggy",1963,https://www.azlyrics.com/lyrics/peggylee/ibelongtoyou.html
"Medley: Haven't You Heard / Eat, Drink And Be Merry / A Satisfied Mind","Wagoner, Porter",1964,https://www.azlyrics.com/lyrics/porterwagoner/medleyhaventyouheardeatdrinkandbemerryasatisfiedmind.html
Once (Ils S'aimaient),"Lee, Peggy",1964,https://www.azlyrics.com/lyrics/peggylee/onceilssaimaient.html
Coco And Co,"Gainsbourg, Serge",1964,https://www.azlyrics.com/lyrics/sergegainsbourg/cocoandco.html
The Warmth Of The Sun,Beach Boys,1964,https://www.azlyrics.com/lyrics/beachboys/thewarmthofthesun.html
Lili Marleen,"Francis, Connie",1964,https://www.azlyrics.com/lyrics/conniefrancis/lilimarleen.html
Candy Man,"Jackson, Wanda",1964,https://www.azlyrics.com/lyrics/wandajackson/candyman.html
Heartbreak Valley,"Young, Faron",1964,https://www.azlyrics.com/lyrics/faronyoung/heartbreakvalley.html
Down The Line,Jerry Lee Lewis,1964,https://www.azlyrics.com/lyrics/jerryleelewis/downtheline.html
I Smiled Yesterday,Dionne Warwick,1964,https://www.azlyrics.com/lyrics/dionnewarwick/ismiledyesterday.html
More To Love Than This,Connie Smith,1965,https://www.azlyrics.com/lyrics/conniesmith/moretolovethanthis.html
Dream Lover,Lulu,1965,https://www.azlyrics.com/lyrics/lulu/dreamlover.html
Country Girl,Roger Miller,1965,https://www.azlyrics.com/lyrics/rogermiller/countrygirl.html
Keep A-Knockin',"Rivers, Johnny",1965,https://www.azlyrics.com/lyrics/johnnyrivers/keepaknockin.html
Eyes Of Death,Hank Williams Jr.,1965,https://www.azlyrics.com/lyrics/hankwilliamsjr/eyesofdeath.html
Bring It On Home,"Righteous Brothers, The",1966,https://www.azlyrics.com/lyrics/righteousbrothers/bringitonhome.html
As Long As He Needs Me,"Warwick, Dionne",1966,https://www.azlyrics.com/lyrics/dionnewarwick/aslongasheneedsme.html
The Nazz Are Blue,"Yardbirds, The",1966,https://www.azlyrics.com/lyrics/yardbirds/thenazzareblue.html
You Are My Sunshine,"Autry, Gene",1966,https://www.azlyrics.com/lyrics/geneautry/youaremysunshine.html
Shake,Small Faces,1966,https://www.azlyrics.com/lyrics/smallfaces/shake.html
Let's Dance On,"Monkees, The",1966,https://www.azlyrics.com/lyrics/monkees/letsdanceon.html
Anyway The Wind Blows,"Zappa, Frank",1966,https://www.azlyrics.com/lyrics/frankzappa/anywaythewindblows.html
Waterloo Sunset,"Kinks, The",1967,https://www.azlyrics.com/lyrics/kinks/waterloosunset.html
Help Stamp Out Loneliness,Nancy Sinatra,1967,https://www.azlyrics.com/lyrics/nancysinatra/helpstampoutloneliness.html
The Way You Look Tonight,Dionne Warwick,1967,https://www.azlyrics.com/lyrics/dionnewarwick/thewayyoulooktonight.html
Daily Nightly,"Monkees, The",1967,https://www.azlyrics.com/lyrics/monkees/dailynightly.html
One Fine Day,Cliff Richard,1967,https://www.azlyrics.com/lyrics/cliffrichard/onefineday.html
Angelica,Scott Walker,1967,https://www.azlyrics.com/lyrics/scottwalker/angelica.html
Mon Enfance,Jacques Brel,1967,https://www.azlyrics.com/lyrics/jacquesbrel/monenfance.html
Drink It Up Men,"Dubliners, The",1967,https://www.azlyrics.com/lyrics/dubliners/drinkitupmen.html
River,"Orbison, Roy",1967,https://www.azlyrics.com/lyrics/royorbison/river.html
Stand By Me,"Walker Brothers, The",1967,https://www.azlyrics.com/lyrics/walkerbrothers/standbyme.html
Stand By Me,Elvis Presley,1967,https://www.azlyrics.com/lyrics/elvispresley/standbyme.html
Born To Be Wild,Steppenwolf,1968,https://www.azlyrics.com/lyrics/steppenwolf/borntobewild.html
"Shake, Shake, Shake","Davis Jr., Sammy",1968,https://www.azlyrics.com/lyrics/sammydavisjr/shakeshakeshake.html
She's Made Of Porcelain,"Ian, Janis",1968,https://www.azlyrics.com/lyrics/janisian/shesmadeofporcelain.html
Something's Wrong,"Taylor, James",1968,https://www.azlyrics.com/lyrics/jamestaylor/somethingswrong.html
Witchcraft,"Presley, Elvis",1968,https://www.azlyrics.com/lyrics/elvispresley/witchcraft.html
Clarissa Jones,"Paxton, Tom",1968,https://www.azlyrics.com/lyrics/tompaxton/clarissajones.html
Sheila,Status Quo,1968,https://www.azlyrics.com/lyrics/statusquo/sheila.html
To Chicago With Love,Connie Smith,1968,https://www.azlyrics.com/lyrics/conniesmith/tochicagowithlove.html
Another Song To Sing,"Cash, Johnny",1968,https://www.azlyrics.com/lyrics/johnnycash/anothersongtosing.html
You Move Me So,B.B. King,1968,https://www.azlyrics.com/lyrics/bbking/youmovemeso.html
People Take Pictures Of Each Other,"Kinks, The",1968,https://www.azlyrics.com/lyrics/kinks/peopletakepicturesofeachother.html
Black Cat Bone,Johnny Winter,1968,https://www.azlyrics.com/lyrics/johnnywinter/blackcatbone.html
My Way Of Life,"Vinton, Bobby",1968,https://www.azlyrics.com/lyrics/bobbyvinton/mywayoflife.html
Sing Me Back Home,"Everly Brothers, The",1968,https://www.azlyrics.com/lyrics/everlybrothers/singmebackhome.html
Aquarela Sertaneja,Chitãozinho & Xororó,1969,https://www.azlyrics.com/lyrics/chitaozinhoxororo/aquarelasertaneja.html
Temptation's 'Bout To Get Me,"Rascals, The",1969,https://www.azlyrics.com/lyrics/rascals/temptationsbouttogetme.html
Time On My Hands,Janis Ian,1969,https://www.azlyrics.com/lyrics/janisian/timeonmyhands.html
Fido,"Byrds, The",1969,https://www.azlyrics.com/lyrics/byrds/fido.html
Prologue,Johnny Cash,1969,https://www.azlyrics.com/lyrics/johnnycash/prologue.html
Today Is The First Day Of The Rest Of My Life,"Denver, John",1969,https://www.azlyrics.com/lyrics/johndenver/todayisthefirstdayoftherestofmylife.html
If Silence Is Golden,Lynn Anderson,1969,https://www.azlyrics.com/lyrics/lynnanderson/ifsilenceisgolden.html
Bluebird,James Gang,1969,https://www.azlyrics.com/lyrics/jamesgang/bluebird.html
I'm So Lonesome I Could Cry,Jerry Lee Lewis,1969,https://www.azlyrics.com/lyrics/jerryleelewis/imsolonesomeicouldcry.html
The Fields Of St. Etienne(2010 Reissue Bonus Track),Mary Hopkin,1969,https://www.azlyrics.com/lyrics/maryhopkin/thefieldsofstetienne.html
"I Have A Song To Sing, O!","Peter, Paul And Mary",1969,https://www.azlyrics.com/lyrics/peterpaulandmary/ihaveasongtosingo.html
Straighten My Mind,"Jennings, Waylon",1969,https://www.azlyrics.com/lyrics/waylonjennings/straightenmymind.html
Fireside Song,Genesis,1969,https://www.azlyrics.com/lyrics/genesis/firesidesong.html
To Know You Is To Love You,"Vinton, Bobby",1969,https://www.azlyrics.com/lyrics/bobbyvinton/toknowyouistoloveyou.html
Give Your Love,"Wonder, Stevie",1969,https://www.azlyrics.com/lyrics/steviewonder/giveyourlove.html
I'm In Love With You,"Arnold, Eddy",1969,https://www.azlyrics.com/lyrics/eddyarnold/iminlovewithyou.html
When The Battle Is Over,"Franklin, Aretha",1970,https://www.azlyrics.com/lyrics/arethafranklin/whenthebattleisover.html
Song For The Asking,Simon & Garfunkel,1970,https://www.azlyrics.com/lyrics/simongarfunkel/songfortheasking.html
Spring Song,"Cockburn, Bruce",1970,https://www.azlyrics.com/lyrics/brucecockburn/springsong.html
The Highway Song,Free,1970,https://www.azlyrics.com/lyrics/free/thehighwaysong.html
Something To Brag About,"Jones, George",1971,https://www.azlyrics.com/lyrics/georgejones/somethingtobragabout.html
Winter Wonderland,Elvis Presley,1971,https://www.azlyrics.com/lyrics/elvispresley/winterwonderland.html
Rose Garden,Loretta Lynn,1971,https://www.azlyrics.com/lyrics/lorettalynn/rosegarden.html
Houdini Said,"O'Sullivan, Gilbert",1971,https://www.azlyrics.com/lyrics/gilbertosullivan/houdinisaid.html
Me And Bobby McGee,Loretta Lynn,1971,https://www.azlyrics.com/lyrics/lorettalynn/meandbobbymcgee.html
Bluebird Revisited,Stephen Stills,1971,https://www.azlyrics.com/lyrics/stephenstills/bluebirdrevisited.html
End Of The Line,"Roussos, Demis",1971,https://www.azlyrics.com/lyrics/demisroussos/endoftheline.html
Two Little Boys,"Rogers, Kenny",1971,https://www.azlyrics.com/lyrics/kennyrogers/twolittleboys.html
Frisco Depot (San Francisco Depot),"Jennings, Waylon",1972,https://www.azlyrics.com/lyrics/waylonjennings/friscodepotsanfranciscodepot.html
The Shining Sea,Tony Bennett,1972,https://www.azlyrics.com/lyrics/tonybennett/theshiningsea.html
I Think I Can Hear You,"King, Carole",1972,https://www.azlyrics.com/lyrics/caroleking/ithinkicanhearyou.html
Promise Of A Fisherman (Promessa De Pescador),"Mendes, Sergio",1972,https://www.azlyrics.com/lyrics/sergiomendes/promiseofafishermanpromessadepescador.html
Filha De Jesus,Chitãozinho & Xororó,1972,https://www.azlyrics.com/lyrics/chitaozinhoxororo/filhadejesus.html
One Way Out,"Allman Brothers Band, The",1972,https://www.azlyrics.com/lyrics/allmanbrothersband/onewayout.html
Little Bit Of Love,"Grass Roots, The",1973,https://www.azlyrics.com/lyrics/grassroots/littlebitoflove.html
Ride Me Down Easy,Waylon Jennings,1973,https://www.azlyrics.com/lyrics/waylonjennings/ridemedowneasy.html
Daydreamer,David Cassidy,1973,https://www.azlyrics.com/lyrics/davidcassidy/daydreamer.html
Race The Breeze,"Gallagher, Rory",1973,https://www.azlyrics.com/lyrics/rorygallagher/racethebreeze.html
Where Have All The Good Times Gone,"Bowie, David",1973,https://www.azlyrics.com/lyrics/davidbowie/wherehaveallthegoodtimesgone.html
Mainline Florida,Eric Clapton,1974,https://www.azlyrics.com/lyrics/ericclapton/mainlineflorida.html
Rollercoaster,Showaddywaddy,1974,https://www.azlyrics.com/lyrics/showaddywaddy/rollercoaster.html
Mind Games,John Lennon,1975,https://www.azlyrics.com/lyrics/johnlennon/mindgames.html
Emotional Weather Report,"Waits, Tom",1975,https://www.azlyrics.com/lyrics/tomwaits/emotionalweatherreport.html
Love Is Everywhere,John Denver,1975,https://www.azlyrics.com/lyrics/johndenver/loveiseverywhere.html
Deal,Tom T. Hall,1975,https://www.azlyrics.com/lyrics/tomthall/deal.html
Wild Night,"Rivers, Johnny",1976,https://www.azlyrics.com/lyrics/johnnyrivers/wildnight.html
I Don't Feel Like Lovin' You,"Twitty, Conway",1976,https://www.azlyrics.com/lyrics/conwaytwitty/idontfeellikelovinyou.html
Summer Evening Lady,"Cats, The",1976,https://www.azlyrics.com/lyrics/cats/summereveninglady.html
Mein Leben Ist Ein Souvenir,Demis Roussos,1976,https://www.azlyrics.com/lyrics/demisroussos/meinlebenisteinsouvenir.html
With Your Love,Jefferson Starship,1976,https://www.azlyrics.com/lyrics/jeffersonstarship/withyourlove.html
Yellow Roses,Ry Cooder,1976,https://www.azlyrics.com/lyrics/rycooder/yellowroses.html
Colpa Mia,Mina,1976,https://www.azlyrics.com/lyrics/mina/colpamia.html
Like A Hurricane,"Young, Neil",1977,https://www.azlyrics.com/lyrics/neilyoung/likeahurricane.html
Ride Me Down Easy,"Coe, David Allan",1977,https://www.azlyrics.com/lyrics/davidallancoe/ridemedowneasy.html
Secret O' Life,James Taylor,1977,https://www.azlyrics.com/lyrics/jamestaylor/secretolife.html
Alev Alev,"Aksu, Sezen",1977,https://www.azlyrics.com/lyrics/sezenaksu/alevalev.html
The Same Love That Made Me Laugh,Diana Ross,1977,https://www.azlyrics.com/lyrics/dianaross/thesamelovethatmademelaugh.html
Tennessee Stud,Arlo Guthrie,1978,https://www.azlyrics.com/lyrics/arloguthrie/tennesseestud.html
Bad Brain,Ramones,1978,https://www.azlyrics.com/lyrics/ramones/badbrain.html
I Got It Bad And That Ain't Good,"Summer, Donna",1978,https://www.azlyrics.com/lyrics/donnasummer/igotitbadandthataintgood.html
"Lucy, The Junk Dealer's Daughter",Tom Paxton,1978,https://www.azlyrics.com/lyrics/tompaxton/lucythejunkdealersdaughter.html
Easy Money,Rickie Lee Jones,1979,https://www.azlyrics.com/lyrics/rickieleejones/easymoney.html
Low Class Reunion,Johnny Paycheck,1979,https://www.azlyrics.com/lyrics/johnnypaycheck/lowclassreunion.html
Into The Flame,"Trower, Robin",1979,https://www.azlyrics.com/lyrics/robintrower/intotheflame.html
Along Came Jones,George Jones,1980,https://www.azlyrics.com/lyrics/georgejones/alongcamejones.html
Take A Look,Aretha Franklin,1980,https://www.azlyrics.com/lyrics/arethafranklin/takealook.html
She's Made Of Faith,Marty Robbins,1980,https://www.azlyrics.com/lyrics/martyrobbins/shesmadeoffaith.html
That Final Love,Sniff 'N' The Tears,1981,https://www.azlyrics.com/lyrics/sniffnthetears/thatfinallove.html
All About A Feeling,"Fargo, Donna",1981,https://www.azlyrics.com/lyrics/donnafargo/allaboutafeeling.html
Silver And Gold,Tygers Of Pan Tang,1981,https://www.azlyrics.com/lyrics/tygersofpantang/silverandgold.html
You Never Give Me Your Money,"Vaughan, Sarah",1981,https://www.azlyrics.com/lyrics/sarahvaughan/younevergivemeyourmoney.html
My Only Wish,"Rabbitt, Eddie",1981,https://www.azlyrics.com/lyrics/eddierabbitt/myonlywish.html
I Fall To Pieces,"Williams, Paul",1981,https://www.azlyrics.com/lyrics/paulwilliams/ifalltopieces.html
Soul Mistake,INXS,1982,https://www.azlyrics.com/lyrics/inxs/soulmistake.html
From Small Things (Big Things One Day Come),Dave Edmunds,1982,https://www.azlyrics.com/lyrics/daveedmunds/fromsmallthingsbigthingsonedaycome.html
Mountain Of Love,Charley Pride,1982,https://www.azlyrics.com/lyrics/charleypride/mountainoflove.html
Our Love Is On The Faultline,"Gayle, Crystal",1982,https://www.azlyrics.com/lyrics/crystalgayle/ourloveisonthefaultline.html
I'll Do Anything,Gordon Lightfoot,1982,https://www.azlyrics.com/lyrics/gordonlightfoot/illdoanything.html
Hard Candy Christmas,Dolly Parton,1982,https://www.azlyrics.com/lyrics/dollyparton/hardcandychristmas.html
Speak,Swans,1982,https://www.azlyrics.com/lyrics/swans/speak.html
Bricklayer,Husker Du,1982,https://www.azlyrics.com/lyrics/huskerdu/bricklayer.html
The Other Woman,"Parker Jr., Ray",1982,https://www.azlyrics.com/lyrics/rayparkerjr/theotherwoman.html
Be My Baby Tonight,John Waite,1982,https://www.azlyrics.com/lyrics/johnwaite/bemybabytonight.html
Danger,"Gibb, Robin",1983,https://www.azlyrics.com/lyrics/robingibb/danger.html
Red Lights,Uriah Heep,1983,https://www.azlyrics.com/lyrics/uriahheep/redlights.html
I'll Make Believe,"Osborne, Jeffrey",1983,https://www.azlyrics.com/lyrics/jeffreyosborne/illmakebelieve.html
Lonely Nights,Uriah Heep,1983,https://www.azlyrics.com/lyrics/uriahheep/lonelynights.html
Dance In The Shadows,Tom Paxton,1983,https://www.azlyrics.com/lyrics/tompaxton/danceintheshadows.html
As Long As That,"Go-Betweens, The",1983,https://www.azlyrics.com/lyrics/gobetweens/aslongasthat.html
When I Fall In Love,"Iglesias, Julio",1984,https://www.azlyrics.com/lyrics/julioiglesias/whenifallinlove.html
Solitaire,Public Image Ltd.,1984,https://www.azlyrics.com/lyrics/publicimageltd/solitaire.html
Cherry Bomb,Joan Jett And The Blackhearts,1984,https://www.azlyrics.com/lyrics/joanjettandtheblackhearts/cherrybomb.html
Twentieth Century Fox,38 Special,1984,https://www.azlyrics.com/lyrics/38special/twentiethcenturyfox.html
Real Life,Sergio Mendes,1984,https://www.azlyrics.com/lyrics/sergiomendes/reallife.html
Tell Your Daddy,Ian Dury,1984,https://www.azlyrics.com/lyrics/iandury/tellyourdaddy.html
Cuntboy,KMFDM,1984,https://www.azlyrics.com/lyrics/kmfdm/cuntboy.html
It Must Be Love,"Jones, Rickie Lee",1984,https://www.azlyrics.com/lyrics/rickieleejones/itmustbelove.html
Rawhide,Scott Walker,1984,https://www.azlyrics.com/lyrics/scottwalker/rawhide.html
Haven't You Heard,"Strait, George",1985,https://www.azlyrics.com/lyrics/georgestrait/haventyouheard.html
Greatest Dream,Mary Black,1985,https://www.azlyrics.com/lyrics/maryblack/greatestdream.html
Liberation,Chumbawamba,1985,https://www.azlyrics.com/lyrics/chumbawamba/liberation.html
I'm Your Man,Barry Manilow,1985,https://www.azlyrics.com/lyrics/barrymanilow/imyourman.html
Friends Of Mine,Grave Digger,1985,https://www.azlyrics.com/lyrics/gravedigger/friendsofmine.html
Cuyahoga,R.E.M.,1986,https://www.azlyrics.com/lyrics/rem/cuyahoga.html
I Wonder,"Cray, Robert",1986,https://www.azlyrics.com/lyrics/robertcray/iwonder.html
Dreams Of Ordinary Men,Dragon,1986,https://www.azlyrics.com/lyrics/dragon/dreamsofordinarymen.html
Happy Hour,"Housemartins, The",1986,https://www.azlyrics.com/lyrics/housemartins/happyhour.html
Lap Of Luxury,Soul Asylum,1986,https://www.azlyrics.com/lyrics/soulasylum/lapofluxury.html
Locomotion Tango,Modern Talking,1987,https://www.azlyrics.com/lyrics/moderntalking/locomotiontango.html
Still Hanging 'Round,Hunters & Collectors,1987,https://www.azlyrics.com/lyrics/hunterscollectors/stillhanginground.html
The Way Back Home,"Gill, Vince",1987,https://www.azlyrics.com/lyrics/vincegill/thewaybackhome.html
Arabian Gold,Modern Talking,1987,https://www.azlyrics.com/lyrics/moderntalking/arabiangold.html
Y,"Fernandez, Vicente",1987,https://www.azlyrics.com/lyrics/vicentefernandez/y.html
The Do Wop,LL Cool J,1987,https://www.azlyrics.com/lyrics/llcoolj/thedowop.html
Only In My Dreams,"Gibson, Debbie",1987,https://www.azlyrics.com/lyrics/debbiegibson/onlyinmydreams.html
Love Will Find A Way,Yes,1987,https://www.azlyrics.com/lyrics/yes/lovewillfindaway.html
Speed Demon,Michael Jackson,1987,https://www.azlyrics.com/lyrics/michaeljackson/speeddemon.html
Slip Away,Pebbles,1987,https://www.azlyrics.com/lyrics/pebbles/slipaway.html
Blood From The Bandit,"Carnes, Kim",1988,https://www.azlyrics.com/lyrics/kimcarnes/bloodfromthebandit.html
In Your Room,"Bangles, The",1988,https://www.azlyrics.com/lyrics/bangles/inyourroom.html
She's Got A New Spell,Billy Bragg,1988,https://www.azlyrics.com/lyrics/billybragg/shesgotanewspell.html
Too Bad,Eric Clapton,1988,https://www.azlyrics.com/lyrics/ericclapton/toobad.html
Sexual Luv Affair,Rick James,1988,https://www.azlyrics.com/lyrics/rickjames/sexualluvaffair.html
African Sunset,Tommy Page,1988,https://www.azlyrics.com/lyrics/tommypage/africansunset.html
This Note's For You,Neil Young,1988,https://www.azlyrics.com/lyrics/neilyoung/thisnotesforyou.html
Joy To The World,Kenny Rogers,1989,https://www.azlyrics.com/lyrics/kennyrogers/joytotheworld.html
Cosas De La Vida,Gloria Trevi,1989,https://www.azlyrics.com/lyrics/gloriatrevi/cosasdelavida.html
Lud's Wedding,Sarah Brightman,1989,https://www.azlyrics.com/lyrics/sarahbrightman/ludswedding.html
Georgia On My Mind,"Bolton, Michael",1989,https://www.azlyrics.com/lyrics/michaelbolton/georgiaonmymind.html
Crack Attack,Grace Jones,1989,https://www.azlyrics.com/lyrics/gracejones/crackattack.html
Rumor Has It,Reba McEntire,1990,https://www.azlyrics.com/lyrics/rebamcentire/rumorhasit.html
Shelter Me,Cinderella,1990,https://www.azlyrics.com/lyrics/cinderella/shelterme.html
Strip It Down,Manic Street Preachers,1990,https://www.azlyrics.com/lyrics/manicstreetpreachers/stripitdown.html
All I Can See,Newsboys,1990,https://www.azlyrics.com/lyrics/newsboys/allicansee.html
I've Come To Expect It From You,"Strait, George",1990,https://www.azlyrics.com/lyrics/georgestrait/ivecometoexpectitfromyou.html
Buried In The Backyard,Cannibal Corpse,1990,https://www.azlyrics.com/lyrics/cannibalcorpse/buriedinthebackyard.html
Senza Di Te,"Bose, Miguel",1990,https://www.azlyrics.com/lyrics/miguelbose/senzadite.html
Thunderheads,Dixie Chicks,1990,https://www.azlyrics.com/lyrics/dixiechicks/thunderheads.html
Rocky Road,"Lowe, Nick",1990,https://www.azlyrics.com/lyrics/nicklowe/rockyroad.html
You Hung Your Lights In The Trees / A Craftman's Touch,Wire,1990,https://www.azlyrics.com/lyrics/wire/youhungyourlightsinthetreesacraftmanstouch.html
Longest Highway,Alison Krauss,1990,https://www.azlyrics.com/lyrics/alisonkrauss/longesthighway.html
Rockin' Rollercoaster,Helix,1990,https://www.azlyrics.com/lyrics/helix/rockinrollercoaster.html
Come Hell Or High Water,Poison,1990,https://www.azlyrics.com/lyrics/poison/comehellorhighwater.html
Whacker Humphries,"Moore, Christy",1991,https://www.azlyrics.com/lyrics/christymoore/whackerhumphries.html
When Lovers Become Strangers,Cher,1991,https://www.azlyrics.com/lyrics/cher/whenloversbecomestrangers.html
Hey You,"Winter, Johnny",1991,https://www.azlyrics.com/lyrics/johnnywinter/heyyou.html
When I Had You,Del Shannon,1991,https://www.azlyrics.com/lyrics/delshannon/whenihadyou.html
Deepest Of Hearts,"Waters, Crystal",1991,https://www.azlyrics.com/lyrics/crystalwaters/deepestofhearts.html
Renegade,Warren Zevon,1991,https://www.azlyrics.com/lyrics/warrenzevon/renegade.html
Beer And Bones,"Montgomery, John Michael",1992,https://www.azlyrics.com/lyrics/johnmichaelmontgomery/beerandbones.html
Keep Me From Harm,Peter Murphy,1992,https://www.azlyrics.com/lyrics/petermurphy/keepmefromharm.html
Box Set,Barenaked Ladies,1992,https://www.azlyrics.com/lyrics/barenakedladies/boxset.html
Where's Johnny,"McMurtry, James",1992,https://www.azlyrics.com/lyrics/jamesmcmurtry/wheresjohnny.html
Se L'amore,Marco Borsato,1992,https://www.azlyrics.com/lyrics/marcoborsato/selamore.html
Those Simple Things,Right Said Fred,1992,https://www.azlyrics.com/lyrics/rightsaidfred/thosesimplethings.html
Hello San Francisco,"Guy, Buddy",1992,https://www.azlyrics.com/lyrics/buddyguy/hellosanfrancisco.html
Mercy In You,Depeche Mode,1993,https://www.azlyrics.com/lyrics/depechemode/mercyinyou.html
Just Ask Fo' Lucy,"Kentucky Headhunters, The",1993,https://www.azlyrics.com/lyrics/kentuckyheadhunters/justaskfolucy.html
Don't Say It's Over,Randy Crawford,1993,https://www.azlyrics.com/lyrics/randycrawford/dontsayitsover.html
Angel,John Hiatt,1993,https://www.azlyrics.com/lyrics/johnhiatt/angel.html
Picture Postcards From L.A.,"Kadison, Joshua",1993,https://www.azlyrics.com/lyrics/joshuakadison/picturepostcardsfromla.html
Do Re Mi,Nanci Griffith,1993,https://www.azlyrics.com/lyrics/nancigriffith/doremi.html
Late At Night,Buffalo Tom,1993,https://www.azlyrics.com/lyrics/buffalotom/lateatnight.html
Everytime,Rick Astley,1993,https://www.azlyrics.com/lyrics/rickastley/everytime.html
On The Dunes,Donald Fagen,1993,https://www.azlyrics.com/lyrics/donaldfagen/onthedunes.html
The Song Of Solomon,"Bush, Kate",1993,https://www.azlyrics.com/lyrics/katebush/thesongofsolomon.html
Can't Get Enough Of Your Love,Taylor Dayne,1993,https://www.azlyrics.com/lyrics/taylordayne/cantgetenoughofyourlove.html
Heartland Feeling,Beck,1993,https://www.azlyrics.com/lyrics/beck/heartlandfeeling.html
Pegasus,Olivia Newton-John,1994,https://www.azlyrics.com/lyrics/olivianewtonjohn/pegasus.html
Let's Take A Walk Around The Block,Ella Fitzgerald,1994,https://www.azlyrics.com/lyrics/ellafitzgerald/letstakeawalkaroundtheblock.html
The Song Is Ended (But The Melody Lingers On),"Fitzgerald, Ella",1994,https://www.azlyrics.com/lyrics/ellafitzgerald/thesongisendedbutthemelodylingerson.html
The Country Diary Of A Subway Conductor,Silver Jews,1994,https://www.azlyrics.com/lyrics/silverjews/thecountrydiaryofasubwayconductor.html
I Will Tell The World,"Boltz, Ray",1994,https://www.azlyrics.com/lyrics/rayboltz/iwilltelltheworld.html
Como No Ser Fiel,Pesado,1994,https://www.azlyrics.com/lyrics/pesado/comonoserfiel.html
Symbols,Refused,1994,https://www.azlyrics.com/lyrics/refused/symbols.html
Island Of Shame,Lagwagon,1994,https://www.azlyrics.com/lyrics/lagwagon/islandofshame.html
Headphones,Bjork,1995,https://www.azlyrics.com/lyrics/bjork/headphones.html
1994,Loudon Wainwright III,1995,https://www.azlyrics.com/lyrics/loudonwainwrightiii/1994.html
Outside,"Bowie, David",1995,https://www.azlyrics.com/lyrics/davidbowie/outside.html
Red Light - Green Light(Reissue Bonus Track),"Wildhearts, The",1995,https://www.azlyrics.com/lyrics/wildhearts/redlightgreenlight.html
Love Is Just Around The Corner,"Sinatra, Frank",1995,https://www.azlyrics.com/lyrics/franksinatra/loveisjustaroundthecorner.html
The Rift,"Neil, Vince",1995,https://www.azlyrics.com/lyrics/vinceneil/therift.html
U've Got It,Beverley Knight,1995,https://www.azlyrics.com/lyrics/beverleyknight/uvegotit.html
Tell Me When,Soul Asylum,1995,https://www.azlyrics.com/lyrics/soulasylum/tellmewhen.html
Don't Go And Put A Bullet In Your Head,Lenny Kravitz,1995,https://www.azlyrics.com/lyrics/lennykravitz/dontgoandputabulletinyourhead.html
How Would Jesus Feel,"Moffatts, The",1996,https://www.azlyrics.com/lyrics/moffatts/howwouldjesusfeel.html
Watcher Of The Skies,Steve Hackett,1996,https://www.azlyrics.com/lyrics/stevehackett/watcheroftheskies.html
Steve Polychronopolous,Adam Sandler,1996,https://www.azlyrics.com/lyrics/adamsandler/stevepolychronopolous.html
I Was A Prisoner In Your Skull,Swans,1996,https://www.azlyrics.com/lyrics/swans/iwasaprisonerinyourskull.html
Keep Pimpin',E-40,1996,https://www.azlyrics.com/lyrics/e40/keeppimpin.html
Brimstone And Fire,Cyndi Lauper,1996,https://www.azlyrics.com/lyrics/cyndilauper/brimstoneandfire.html
Farside Of The World,Ayreon,1996,https://www.azlyrics.com/lyrics/ayreon/farsideoftheworld.html
What's The World Got In Store,Wilco,1996,https://www.azlyrics.com/lyrics/wilco/whatstheworldgotinstore.html
Hung Up And Overdue,Tom Petty And The Heartbreakers,1996,https://www.azlyrics.com/lyrics/tompettyandtheheartbreakers/hungupandoverdue.html
Hold Her Closer,Blessid Union Of Souls,1997,https://www.azlyrics.com/lyrics/blessidunionofsouls/holdhercloser.html
You Can Move Mountains,Stiff Little Fingers,1997,https://www.azlyrics.com/lyrics/stifflittlefingers/youcanmovemountains.html
Don't Waste No Time,Scooter,1997,https://www.azlyrics.com/lyrics/scooter/dontwastenotime.html
On The Dark Side Of Town,"Ian, Janis",1997,https://www.azlyrics.com/lyrics/janisian/onthedarksideoftown.html
"O Come, All Ye Faithful",Judy Collins,1997,https://www.azlyrics.com/lyrics/judycollins/ocomeallyefaithful.html
Concrete Girl,Switchfoot,1997,https://www.azlyrics.com/lyrics/switchfoot/concretegirl.html
An Old Fashioned Love Song,"Williams, Paul",1997,https://www.azlyrics.com/lyrics/paulwilliams/anoldfashionedlovesong.html
The Island,Maureen McGovern,1997,https://www.azlyrics.com/lyrics/maureenmcgovern/theisland.html
So Young,"Corrs, The",1997,https://www.azlyrics.com/lyrics/corrs/soyoung.html
The Night Pat Murphy Died,Great Big Sea,1997,https://www.azlyrics.com/lyrics/greatbigsea/thenightpatmurphydied.html
My Little Needle,Alkaline Trio,1998,https://www.azlyrics.com/lyrics/alkalinetrio/mylittleneedle.html
Bongo Bong,"Chao, Manu",1998,https://www.azlyrics.com/lyrics/manuchao/bongobong.html
Through To Myself(Reissue Bonus Track),David Gray,1998,https://www.azlyrics.com/lyrics/davidgray/throughtomyself.html
I'm The Girl,Heather Nova,1998,https://www.azlyrics.com/lyrics/heathernova/imthegirl.html
Vengo Del Mar,Natalia Oreiro,1998,https://www.azlyrics.com/lyrics/nataliaoreiro/vengodelmar.html
Days Were Golden,Sunny Day Real Estate,1998,https://www.azlyrics.com/lyrics/sunnydayrealestate/daysweregolden.html
Bye Bye,"Crawford, Randy",1998,https://www.azlyrics.com/lyrics/randycrawford/byebye.html
Back In The Saddle Again,"Autry, Gene",1998,https://www.azlyrics.com/lyrics/geneautry/backinthesaddleagain.html
Just Watch Your Mama And Me,Waylon Jennings,1998,https://www.azlyrics.com/lyrics/waylonjennings/justwatchyourmamaandme.html
William H. Bonney,Deep Blue Something,1998,https://www.azlyrics.com/lyrics/deepbluesomething/williamhbonney.html
I Used To Love Him,Lauryn Hill,1998,https://www.azlyrics.com/lyrics/laurynhill/iusedtolovehim.html
Hey Henry,"James, Etta",1998,https://www.azlyrics.com/lyrics/ettajames/heyhenry.html
I'm In That Kind Of Mood,Alabama,1999,https://www.azlyrics.com/lyrics/alabama/iminthatkindofmood.html
Kill Em Live(Bonus Track),Public Enemy,1999,https://www.azlyrics.com/lyrics/publicenemy/killemlive.html
Mind Like A Tree,Scorpions,1999,https://www.azlyrics.com/lyrics/scorpions/mindlikeatree.html
Todo Inventamos,Julieta Venegas,2000,https://www.azlyrics.com/lyrics/julietavenegas/todoinventamos.html
Step Inside,Melanie B,2000,https://www.azlyrics.com/lyrics/melanieb/stepinside.html
Postcard Home,"Lost Trailers, The",2000,https://www.azlyrics.com/lyrics/losttrailers/postcardhome.html
All I Want,Jump5,2001,https://www.azlyrics.com/lyrics/jump5/alliwant.html
Weather To Do,Flotsam & Jetsam,2001,https://www.azlyrics.com/lyrics/flotsamjetsam/weathertodo.html
"Holy Spirit, Come Fill This Place",Cece Winans,2001,https://www.azlyrics.com/lyrics/cecewinans/holyspiritcomefillthisplace.html
History Repeats Itself,Pulley,2001,https://www.azlyrics.com/lyrics/pulley/historyrepeatsitself.html
"Of Stone, Wind And Pillor",Agalloch,2001,https://www.azlyrics.com/lyrics/agalloch/ofstonewindandpillor.html
Stuttering,Wild Orchid,2001,https://www.azlyrics.com/lyrics/wildorchid/stuttering.html
Dead Bury Their Dead,Arch Enemy,2001,https://www.azlyrics.com/lyrics/archenemy/deadburytheirdead.html
"California, Gracefully",Every Time I Die,2001,https://www.azlyrics.com/lyrics/everytimeidie/californiagracefully.html
She Needs My Love,"Marley, Damian",2001,https://www.azlyrics.com/lyrics/damianmarley/sheneedsmylove.html
El Monstruo,Alejandro Fernandez,2001,https://www.azlyrics.com/lyrics/alejandrofernandez/elmonstruo.html
Date Al Diavolo Un Bimbo Per Cena,Jovanotti,2002,https://www.azlyrics.com/lyrics/jovanotti/datealdiavolounbimbopercena.html
Vrienden,BLØF,2002,https://www.azlyrics.com/lyrics/blof/vrienden.html
Without You,Donny Osmond,2002,https://www.azlyrics.com/lyrics/donnyosmond/withoutyou.html
I Will Refuse(Japanese Bonus Track),Soulfly,2002,https://www.azlyrics.com/lyrics/soulfly/iwillrefuse.html
Wake Up April,"Promise Ring, The",2002,https://www.azlyrics.com/lyrics/promisering/wakeupapril.html
"Dim Lights, Thick Smoke (And Loud, Loud Music)",Daryle Singletary,2002,https://www.azlyrics.com/lyrics/darylesingletary/dimlightsthicksmokeandloudloudmusic.html
Peace The Fuck Out,Travis,2003,https://www.azlyrics.com/lyrics/travis/peacethefuckout.html
Jadi Saja,Kahitna,2003,https://www.azlyrics.com/lyrics/kahitna/jadisaja.html
Blood On Your Hands,Killing Joke,2003,https://www.azlyrics.com/lyrics/killingjoke/bloodonyourhands.html
Inviting,Rob Mills,2004,https://www.azlyrics.com/lyrics/robmills/inviting.html
Dama Negra,Mägo De Oz,2004,https://www.azlyrics.com/lyrics/mgodeoz/damanegra.html
"Baby, It's Cold Outside","Simpson, Jessica",2004,https://www.azlyrics.com/lyrics/jessicasimpson/babyitscoldoutside.html
Nobody Knows Me Like You,Phil Vassar,2004,https://www.azlyrics.com/lyrics/philvassar/nobodyknowsmelikeyou.html
What We Know Now,Restless Heart,2004,https://www.azlyrics.com/lyrics/restlessheart/whatweknownow.html
Amazing,George Michael,2004,https://www.azlyrics.com/lyrics/georgemichael/amazing.html
We As Americans,Eminem,2004,https://www.azlyrics.com/lyrics/eminem/weasamericans.html
Dead,Zoe,2005,https://www.azlyrics.com/lyrics/zoe/dead.html
Modern World,Wolf Parade,2005,https://www.azlyrics.com/lyrics/wolfparade/modernworld.html
Tha Past,Kurupt,2005,https://www.azlyrics.com/lyrics/kurupt/thapast.html
The Bell And The Hammer,This Day & Age,2006,https://www.azlyrics.com/lyrics/thisdayage/thebellandthehammer.html
Trophy Scars,Converge,2006,https://www.azlyrics.com/lyrics/converge/trophyscars.html
Far Away,Ilse DeLange,2006,https://www.azlyrics.com/lyrics/ilsedelange/faraway.html
Will,Ayumi Hamasaki,2006,https://www.azlyrics.com/lyrics/ayumihamasaki/will.html
The Songs That We Sing,"Gainsbourg, Charlotte",2006,https://www.azlyrics.com/lyrics/charlottegainsbourg/thesongsthatwesing.html
Power Player,Clutch,2007,https://www.azlyrics.com/lyrics/clutch/powerplayer.html
Don't Let Me Go,Melanie C,2007,https://www.azlyrics.com/lyrics/melaniec/dontletmego.html
Vision,Black Rebel Motorcycle Club,2007,https://www.azlyrics.com/lyrics/blackrebelmotorcycleclub/vision.html
Heartbreak Song,"Chiu, Kim",2007,https://www.azlyrics.com/lyrics/kimchiu/heartbreaksong.html
White Tooth Man,Iron & Wine,2007,https://www.azlyrics.com/lyrics/ironwine/whitetoothman.html
Take Us Somewhere New,Mr Hudson,2007,https://www.azlyrics.com/lyrics/mrhudson/takeussomewherenew.html
Me Sacaron Del Tenampa,Ramon Ayala,2007,https://www.azlyrics.com/lyrics/ramonayala/mesacarondeltenampa.html
Life Time Lover,J Boog,2008,https://www.azlyrics.com/lyrics/jboog/lifetimelover.html
Landslide,Boyce Avenue,2008,https://www.azlyrics.com/lyrics/boyceavenue/landslide.html
A Kiss Is Not A Contract,Flight Of The Conchords,2008,https://www.azlyrics.com/lyrics/flightoftheconchords/akissisnotacontract.html
On Fire,JJ Grey & Mofro,2008,https://www.azlyrics.com/lyrics/jjgreymofro/onfire.html
When It's Over,3 Doors Down,2008,https://www.azlyrics.com/lyrics/3doorsdown/whenitsover.html
Around The Bend,Randy Travis,2008,https://www.azlyrics.com/lyrics/randytravis/aroundthebend.html
Suicide Doors,"Banner, David",2008,https://www.azlyrics.com/lyrics/davidbanner/suicidedoors.html
Colors,Jay Electronica,2008,https://www.azlyrics.com/lyrics/jayelectronica/colors.html
Masterswarm,"Bird, Andrew",2009,https://www.azlyrics.com/lyrics/andrewbird/masterswarm.html
Zindan,No. 1,2009,https://www.azlyrics.com/lyrics/no1/zindan.html
Rather Be Me,Lloyd Banks,2009,https://www.azlyrics.com/lyrics/lloydbanks/ratherbeme.html
"Tighter, Tighter","James, Tommy",2009,https://www.azlyrics.com/lyrics/tommyjames/tightertighter.html
House Of Rats,Modern Day Escape,2009,https://www.azlyrics.com/lyrics/moderndayescape/houseofrats.html
Can't Come,"Vile, Kurt",2009,https://www.azlyrics.com/lyrics/kurtvile/cantcome.html
You And Me,SOJA,2009,https://www.azlyrics.com/lyrics/soja/youandme.html
We Won't Give Up,"Afters, The",2010,https://www.azlyrics.com/lyrics/afters/wewontgiveup.html
Bullets In The Gun,Toby Keith,2010,https://www.azlyrics.com/lyrics/tobykeith/bulletsinthegun.html
My Heart Beats For Love,"Cyrus, Miley",2010,https://www.azlyrics.com/lyrics/mileycyrus/myheartbeatsforlove.html
Chill Out,Lil Boosie,2010,https://www.azlyrics.com/lyrics/lilboosie/chillout.html
Ohne Namen(Hidden Track),RAF Camora,2010,https://www.azlyrics.com/lyrics/rafcamora/ohnenamen.html
If I Have To Wait,Toni Braxton,2010,https://www.azlyrics.com/lyrics/tonibraxton/ifihavetowait.html
Remember A Time,Story Of The Year,2010,https://www.azlyrics.com/lyrics/storyoftheyear/rememberatime.html
Rooftops,Jesus Culture,2010,https://www.azlyrics.com/lyrics/jesusculture/rooftops.html
Superfast Jellyfish,Gorillaz,2010,https://www.azlyrics.com/lyrics/gorillaz/superfastjellyfish.html
Accelerated Evolution,Allegaeon,2010,https://www.azlyrics.com/lyrics/allegaeon/acceleratedevolution.html
Virgen De Guadalupe,"Griffin, Patty",2010,https://www.azlyrics.com/lyrics/pattygriffin/virgendeguadalupe.html
The Upsetter,Jack Johnson,2010,https://www.azlyrics.com/lyrics/jackjohnson/theupsetter.html
Walk Of Shame,"Cole, Kimberly",2010,https://www.azlyrics.com/lyrics/kimberlycole/walkofshame.html
Wrong Again,Mindy McCready,2010,https://www.azlyrics.com/lyrics/mindymccready/wrongagain.html
Stitch Me Up,Julian Perretta,2010,https://www.azlyrics.com/lyrics/julianperretta/stitchmeup.html
Fast Car,Boyce Avenue,2010,https://www.azlyrics.com/lyrics/boyceavenue/fastcar.html
Electrified,Johnny Stimson,2010,https://www.azlyrics.com/lyrics/johnnystimson/electrified.html
Einstein,"Clarkson, Kelly",2011,https://www.azlyrics.com/lyrics/kellyclarkson/einstein.html
Take A Picture,David Dallas,2011,https://www.azlyrics.com/lyrics/daviddallas/takeapicture.html
How I Wanna Go,"Nichols, Joe",2011,https://www.azlyrics.com/lyrics/joenichols/howiwannago.html
Pra Ser Perfeito,Michel Telo,2011,https://www.azlyrics.com/lyrics/micheltelo/praserperfeito.html
The Boy,Tom Rosenthal,2011,https://www.azlyrics.com/lyrics/tomrosenthal/theboy.html
Swanee River,Hugh Laurie,2011,https://www.azlyrics.com/lyrics/hughlaurie/swaneeriver.html
Murder At Midnight,Powerwolf,2011,https://www.azlyrics.com/lyrics/powerwolf/murderatmidnight.html
Annie Waits,"Folds, Ben",2011,https://www.azlyrics.com/lyrics/benfolds/anniewaits.html
An Manchen Tagen,Silla,2011,https://www.azlyrics.com/lyrics/silla/anmanchentagen.html
Slangin Birds,2 Chainz,2011,https://www.azlyrics.com/lyrics/2chainz/slanginbirds.html
Archspire,Archspire,2011,https://www.azlyrics.com/lyrics/archspire/archspire.html
Nowhere To Go,"Hannigan, Lisa",2011,https://www.azlyrics.com/lyrics/lisahannigan/nowheretogo.html
I Want Somebody (Bitch About),"Chenoweth, Kristin",2011,https://www.azlyrics.com/lyrics/kristinchenoweth/iwantsomebodybitchabout.html
Hurricane,Ilse DeLange,2012,https://www.azlyrics.com/lyrics/ilsedelange/hurricane.html
Two Way Radio(iTunes Bonus Track),Scars On 45,2012,https://www.azlyrics.com/lyrics/scarson45/twowayradio.html
Frat House,Slaughterhouse,2012,https://www.azlyrics.com/lyrics/slaughterhouse/frathouse.html
Narrow Way,Bob Dylan,2012,https://www.azlyrics.com/lyrics/bobdylan/narrowway.html
White Girl In Paris,JoJo,2012,https://www.azlyrics.com/lyrics/jojo/whitegirlinparis.html
Prehistoric,"Now, Now",2012,https://www.azlyrics.com/lyrics/nownow/prehistoric.html
Strut,Aleesia,2012,https://www.azlyrics.com/lyrics/aleesia/strut.html
Schlaflos,"Oerding, Johannes",2013,https://www.azlyrics.com/lyrics/johannesoerding/schlaflos.html
Fuck Up Da Fun,"Roth, Asher",2013,https://www.azlyrics.com/lyrics/asherroth/fuckupdafun.html
Nashville,Dylan Holland,2013,https://www.azlyrics.com/lyrics/dylanholland/nashville.html
Godiva,Heaven Shall Burn,2013,https://www.azlyrics.com/lyrics/heavenshallburn/godiva.html
Solar,Inner Wave,2013,https://www.azlyrics.com/lyrics/innerwave/solar.html
Como Tiene Que Ser,Arcángel,2013,https://www.azlyrics.com/lyrics/arcangel/comotienequeser.html
Moved By You,India.Arie,2013,https://www.azlyrics.com/lyrics/indiaarie/movedbyyou.html
Wenn Du Liebst,Adel Tawil,2013,https://www.azlyrics.com/lyrics/adeltawil/wennduliebst.html
Suite IV Electric Overture,Janelle Monáe,2013,https://www.azlyrics.com/lyrics/janellemone/suiteivelectricoverture.html
When You Say Nothing At All,Christian Bautista,2014,https://www.azlyrics.com/lyrics/christianbautista/whenyousaynothingatall.html
Crossroads,"James, Shawn",2014,https://www.azlyrics.com/lyrics/shawnjames/crossroads.html
Nada,DVICIO,2014,https://www.azlyrics.com/lyrics/dvicio/nada.html
Reason,Erasure,2014,https://www.azlyrics.com/lyrics/erasure/reason.html
Dopehead,Slaine,2014,https://www.azlyrics.com/lyrics/slaine/dopehead.html
Early Morning Rain,"Young, Neil",2014,https://www.azlyrics.com/lyrics/neilyoung/earlymorningrain.html
Ain't Too Hard To Live Without Love,"Verve Pipe, The",2014,https://www.azlyrics.com/lyrics/vervepipe/ainttoohardtolivewithoutlove.html
"Love & Sex, Pt. 2",Joe,2014,https://www.azlyrics.com/lyrics/joe/lovesexpt2.html
Zero Fahrenheit(iTunes Bonus Track),"Mateo, Abraham",2014,https://www.azlyrics.com/lyrics/abrahammateo/zerofahrenheit.html
The Interlude,Rob Bailey & The Hustle Standard,2015,https://www.azlyrics.com/lyrics/robbaileythehustlestandard/theinterlude.html
...goingtohell,Miguel,2015,https://www.azlyrics.com/lyrics/miguel/goingtohell.html
Roses,ABRA,2015,https://www.azlyrics.com/lyrics/abra490149/roses.html
Big Bad Wolf,Elliot Moss,2015,https://www.azlyrics.com/lyrics/elliotmoss/bigbadwolf.html
Running Free,Stone Sour,2015,https://www.azlyrics.com/lyrics/stonesour/runningfree.html
KEEP DA O'S,"Tyler, The Creator",2015,https://www.azlyrics.com/lyrics/tylerthecreator/keepdaos.html
Lasciami Andare,Levante,2015,https://www.azlyrics.com/lyrics/levante/lasciamiandare.html
Guess This Is Love,Common Kings,2015,https://www.azlyrics.com/lyrics/commonkings/guessthisislove.html
Borrowing,Tom Rosenthal,2015,https://www.azlyrics.com/lyrics/tomrosenthal/borrowing.html
Beacon,RY X,2016,https://www.azlyrics.com/lyrics/ryx/beacon.html
Kali Kedua,Raisa,2016,https://www.azlyrics.com/lyrics/raisa/kalikedua.html
"Der Junge, Der Rennt",Max Giesinger,2016,https://www.azlyrics.com/lyrics/maxgiesinger/derjungederrennt.html
Left Me Standing,"Answer, The",2016,https://www.azlyrics.com/lyrics/answer/leftmestanding.html
Not Too Young,"Ddumba, Sabina",2016,https://www.azlyrics.com/lyrics/sabinaddumba/nottooyoung.html
Sick Flick,Lordi,2016,https://www.azlyrics.com/lyrics/lordi/sickflick.html
Ambition Of A Rider,Lud Foe,2016,https://www.azlyrics.com/lyrics/ludfoe/ambitionofarider.html
Salt And Shadow,Thrice,2016,https://www.azlyrics.com/lyrics/thrice/saltandshadow.html
In A Chinese Alley,Cass McCombs,2016,https://www.azlyrics.com/lyrics/cassmccombs/inachinesealley.html
Met-Amor-Phosis,"Mission, The",2016,https://www.azlyrics.com/lyrics/mission/metamorphosis.html
360,JILLZAY,2016,https://www.azlyrics.com/lyrics/jillzay/360.html
Lights Out,Hippie Sabotage,2017,https://www.azlyrics.com/lyrics/hippiesabotage/lightsout.html
The Waiter,Dani Faiv,2017,https://www.azlyrics.com/lyrics/danifaiv/thewaiter.html
Chapstick,"Sartorius, Jacob",2017,https://www.azlyrics.com/lyrics/jacobsartorius/chapstick.html
Legends,Kelsea Ballerini,2017,https://www.azlyrics.com/lyrics/kelseaballerini/legends.html
Appropriate,Priests,2017,https://www.azlyrics.com/lyrics/priests/appropriate.html
Uncomfortable,iAmJakeHill,2017,https://www.azlyrics.com/lyrics/iamjakehill/uncomfortable.html
Groovy,Coast Modern,2017,https://www.azlyrics.com/lyrics/coastmodern/groovy.html
Don't Look Back,Dia Frampton,2017,https://www.azlyrics.com/lyrics/diaframpton/dontlookback.html
Lately,"Vickery, James",2017,https://www.azlyrics.com/lyrics/jamesvickery/lately.html
Dreamer Interlude,Maurice Moore,2017,https://www.azlyrics.com/lyrics/mauricemoore/dreamerinterlude.html
I'm Alright,Great White,2017,https://www.azlyrics.com/lyrics/greatwhite/imalright.html
R.I.P.,Mikky Ekko,2018,https://www.azlyrics.com/lyrics/mikkyekko/rip.html
Rose2,"Rayman, Allan",2018,https://www.azlyrics.com/lyrics/allanrayman/rose2.html
Noise,"Courtney Wilson, Brian",2018,https://www.azlyrics.com/lyrics/briancourtneywilson/noise.html
Hallelujah,Diamond Platnumz,2018,https://www.azlyrics.com/lyrics/diamondplatnumz/hallelujah.html
Bad Luck,"Case, Neko",2018,https://www.azlyrics.com/lyrics/nekocase/badluck.html
Opps,"Lamar, Kendrick",2018,https://www.azlyrics.com/lyrics/vincestaples/opps.html
Heavenly Body,Lloyd,2018,https://www.azlyrics.com/lyrics/lloyd/heavenlybody.html
Traube Minze,Luciano,2018,https://www.azlyrics.com/lyrics/luciano/traubeminze.html
Mindfucker,Sheck Wes,2018,https://www.azlyrics.com/lyrics/sheckwes/mindfucker.html
Low Blow(Deluxe Edition Bonus Track),Kylie Minogue,2018,https://www.azlyrics.com/lyrics/kylieminogue/lowblow.html
Introduction,Call Me Karizma,2018,https://www.azlyrics.com/lyrics/callmekarizma/introduction.html
Vengo De La Cima,Ulices Chaidez,2018,https://www.azlyrics.com/lyrics/uliceschaidezysusplebes/vengodelacima.html
Don't,Nebu Kiniza,2018,https://www.azlyrics.com/lyrics/nebukiniza/dont.html
Cloud Of Hate,Superchunk,2018,https://www.azlyrics.com/lyrics/superchunk/cloudofhate.html
Make It Sting,Niki & Gabi,2018,https://www.azlyrics.com/lyrics/nikigabi/makeitsting.html
0%,"Funds, Kojo",2018,https://www.azlyrics.com/lyrics/kojofunds/0.html
Gold,GRLwood,2019,https://www.azlyrics.com/lyrics/grlwood/gold.html
All Out,Locket,2019,https://www.azlyrics.com/lyrics/locket/allout.html
Stash,Tyga,2019,https://www.azlyrics.com/lyrics/tyga/stash.html
Dick Pic,"Sandler, Adam",2019,https://www.azlyrics.com/lyrics/adamsandler/dickpic.html
Where Did I Go Wrong,J. Stalin,2019,https://www.azlyrics.com/lyrics/jstalin/wheredidigowrong.html
The Darker The Weather // The Better The Man,MISSIO,2019,https://www.azlyrics.com/lyrics/missio/thedarkertheweatherthebettertheman.html
Jingle Holiday,"Bishop, Stephen",2019,https://www.azlyrics.com/lyrics/stephenbishop/jingleholiday.html
My Bad,Yung Tory,2019,https://www.azlyrics.com/lyrics/yungtory/mybad.html
Apply The Pressure,Trippie Redd,2019,https://www.azlyrics.com/lyrics/trippieredd/applythepressure.html
Action,"Bellinger, Eric",2019,https://www.azlyrics.com/lyrics/ericbellinger/action.html
Galley Girl,Richard Hawley,2019,https://www.azlyrics.com/lyrics/richardhawley/galleygirl.html
Still The Good Old Days,Sheryl Crow,2019,https://www.azlyrics.com/lyrics/sherylcrow/stillthegoodolddays.html
Hood Gunna,Lil Gotit,2019,https://www.azlyrics.com/lyrics/lilgotit/hoodgunna.html
Sicc Sence,Brotha Lynch Hung,2019,https://www.azlyrics.com/lyrics/brothalynchhung/siccsence.html
Wasteman,"Underachievers, The",2019,https://www.azlyrics.com/lyrics/the-underachievers/wasteman.html
Revenge Of The Intern,Khary,2020,https://www.azlyrics.com/lyrics/khary/revengeoftheintern.html
Houlihans At The Holiday Inn,Colter Wall,2020,https://www.azlyrics.com/lyrics/colterwall/houlihansattheholidayinn.html
SSPLIN,Siuzanna (Сюзанна),2020,https://www.azlyrics.com/lyrics/siuzanna/ssplin.html
Disgusting,"MacDonald, Tom",2020,https://www.azlyrics.com/lyrics/tommacdonald/disgusting.html
While God Was Sleepin'...,Kari Faux,2020,https://www.azlyrics.com/lyrics/karifaux/whilegodwassleepin.html
Fake Girl Town,RaeLynn,2020,https://www.azlyrics.com/lyrics/raelynn/fakegirltown.html
Got The Guap,Lil Uzi Vert,2020,https://www.azlyrics.com/lyrics/liluzivert/gottheguap.html
Moula Moula,Kaaris,2020,https://www.azlyrics.com/lyrics/kaaris/moulamoula.html
Vibe (If I Back It Up),Cookiee Kawaii,2020,https://www.azlyrics.com/lyrics/cookieekawaii/vibe.html
Thinkin' 'Bout You All Night,Reckless Kelly,2020,https://www.azlyrics.com/lyrics/recklesskelly/thinkinboutyouallnight.html
Funerals,Pears,2020,https://www.azlyrics.com/lyrics/pears/funerals.html
GIRL LIKE ME,Black Eyed Peas,2020,https://www.azlyrics.com/lyrics/blackeyedpeas/girllikeme.html
"All Yours, All Night",Russell Dickerson,2020,https://www.azlyrics.com/lyrics/russelldickerson/allyoursallnight.html
Wither To Black,Sons Of Apollo,2020,https://www.azlyrics.com/lyrics/sonsofapollo/withertoblack.html
In The City,Jack,2020,https://www.azlyrics.com/lyrics/jack/inthecity.html
Durch Den Sturm,"Fischer, Helene",2020,https://www.azlyrics.com/lyrics/helenefischer/durchdensturm.html
You Dancy,Tommy Lee,2020,https://www.azlyrics.com/lyrics/tommylee/youdancy.html
I Just Love You,UPPERROOM,2020,https://www.azlyrics.com/lyrics/upperroom/ijustloveyou.html
Cowgirl Blues (Mark Wystrach Vocal),Midland,2021,https://www.azlyrics.com/lyrics/midland/cowgirlbluesmarkwystrachvocal.html
Lights On,"Blue Stones, The",2021,https://www.azlyrics.com/lyrics/bluestones/lightson.html
Le Couteau,Mansfield.TYA,2021,https://www.azlyrics.com/lyrics/mansfieldtya/lecouteau.html
